-- Combined SQL for Old Ironforge Dark Iron NPCs
-- Tables: creature_template, creature_template_model, creature_template_resistance, creature_template_spell, creature_equip_template, creature_loot_template, pickpocketing_loot_template, creature, smart_scripts

-- creature_template
DELETE FROM `creature_template` WHERE `entry` IN (600600, 600601, 600602, 600603, 600604, 600605, 600606, 600607, 600608, 600609, 600610, 600611, 600612);
INSERT INTO `creature_template` (`entry`, `difficulty_entry_1`, `difficulty_entry_2`, `difficulty_entry_3`, `KillCredit1`, `KillCredit2`, `name`, `subname`, `IconName`, `gossip_menu_id`, `minlevel`, `maxlevel`, `exp`, `faction`, `npcflag`, `speed_walk`, `speed_run`, `speed_swim`, `speed_flight`, `detection_range`, `rank`, `dmgschool`, `DamageModifier`, `BaseAttackTime`, `RangeAttackTime`, `BaseVariance`, `RangeVariance`, `unit_class`, `unit_flags`, `unit_flags2`, `dynamicflags`, `family`, `type`, `type_flags`, `lootid`, `pickpocketloot`, `skinloot`, `PetSpellDataId`, `VehicleId`, `mingold`, `maxgold`, `AIName`, `MovementType`, `HoverHeight`, `HealthModifier`, `ManaModifier`, `ArmorModifier`, `ExperienceModifier`, `RacialLeader`, `movementId`, `RegenHealth`, `flags_extra`, `ScriptName`, `VerifiedBuild`) VALUES
    (600604, 0, 0, 0, 0, 0, 'Dark Iron Bombardier', 'Delve', NULL, 0, 82, 82, 0, 168, 0, 1, 1.14286, 1, 1, 20, 1, 0, 7.5, 2000, 2000, 1, 1, 2, 32768, 2048, 0, 0, 7, 0, 600604, 600604, 0, 0, 0, 30, 180, 'SmartAI', 0, 1, 2, 1, 1, 1, 0, 0, 1, 0, '', 12340),
    (600607, 0, 0, 0, 0, 0, 'Dark Iron Demolitionist', 'Delve', NULL, 0, 82, 82, 0, 168, 0, 1, 1.14286, 1, 1, 20, 1, 0, 7.5, 2000, 2000, 1, 1, 1, 32768, 2048, 0, 0, 7, 0, 600607, 600607, 0, 0, 0, 176, 308, 'SmartAI', 0, 1, 8, 1, 1, 1, 0, 0, 1, 0, '', 12340),
    (600610, 0, 0, 0, 0, 0, 'Dark Iron Lookout', 'Delve', NULL, 0, 82, 82, 0, 168, 0, 1, 1.14286, 1, 1, 20, 1, 0, 7.5, 2000, 2000, 1, 1, 1, 32768, 2048, 0, 0, 7, 0, 600610, 600610, 0, 0, 0, 80, 537, 'SmartAI', 1, 1, 25, 1, 1, 1, 0, 0, 1, 0, '', 12340),
    (600608, 0, 0, 0, 0, 0, 'Dark Iron Marksman', 'Delve', NULL, 0, 82, 82, 0, 168, 0, 1, 1.14286, 1, 1, 20, 1, 0, 14, 2000, 2000, 1, 1, 1, 0, 2048, 0, 0, 7, 0, 0, 0, 0, 0, 0, 0, 0, 'SmartAI', 0, 1, 3.915, 1, 1, 1, 0, 0, 1, 0, '', 12340),
    (600605, 0, 0, 0, 0, 0, 'Dark Iron Raider', 'Delve', NULL, 0, 82, 82, 0, 168, 0, 3.2, 1.71429, 1, 1, 20, 1, 0, 35.1, 2000, 2000, 1, 1, 1, 0, 2048, 0, 0, 7, 0, 600605, 0, 0, 0, 0, 16, 25, 'SmartAI', 0, 1, 30, 10, 1, 1, 0, 0, 1, 0, '', 12340),
    (600602, 0, 0, 0, 0, 0, 'Dark Iron Rifleman', 'Delve', NULL, 0, 82, 82, 0, 168, 0, 1, 1.14286, 1, 1, 20, 1, 0, 7.5, 2000, 2000, 1, 1, 2, 32768, 2048, 0, 0, 7, 0, 600602, 600602, 0, 0, 0, 94, 357, 'SmartAI', 1, 1, 6.5, 5, 1, 1, 0, 0, 1, 0, '', 12340),
    (600606, 0, 0, 0, 0, 0, 'Dark Iron Sapper', 'Delve', NULL, 0, 82, 82, 0, 168, 0, 1, 1.14286, 1, 1, 20, 1, 0, 7.5, 2000, 2000, 1, 1, 1, 0, 2048, 0, 0, 7, 0, 600606, 0, 0, 0, 0, 20, 50, 'SmartAI', 0, 1, 20, 1, 1, 1, 0, 0, 1, 0, '', 12340),
    (600609, 0, 0, 0, 0, 0, 'Dark Iron Sentry', 'Delve', NULL, 0, 82, 82, 0, 168, 0, 1, 0.992063, 1, 1, 20, 1, 0, 7.5, 2000, 2000, 1, 1, 2, 32832, 2048, 0, 0, 7, 0, 600609, 600609, 0, 0, 0, 287, 380, '', 1, 1, 30, 25, 1, 1, 0, 0, 1, 0, '', 12340),
    (600603, 0, 0, 0, 0, 0, 'Dark Iron Shadowcaster', 'Delve', NULL, 0, 82, 82, 0, 168, 0, 1, 1.14286, 1, 1, 20, 1, 0, 1.6, 2000, 2000, 1, 1, 8, 32768, 2048, 0, 0, 7, 0, 600603, 0, 0, 0, 0, 43, 134, 'SmartAI', 1, 1, 1.5, 1, 1, 1, 0, 0, 1, 0, '', 12340),
    (600600, 0, 0, 0, 0, 0, 'Dark Iron Taskmaster', 'Delve', NULL, 0, 82, 82, 0, 168, 0, 1, 0.992063, 1, 1, 20, 1, 0, 7.5, 2000, 2000, 1, 1, 1, 32768, 2048, 0, 0, 7, 0, 600600, 600600, 0, 0, 0, 78, 536, 'SmartAI', 0, 1, 25, 1, 1, 1, 0, 0, 1, 0, '', 12340),
    (600601, 0, 0, 0, 0, 0, 'Dark Iron Tunneler', 'Delve', NULL, 0, 82, 82, 0, 168, 0, 1, 1.19048, 1, 1, 20, 1, 0, 36.9, 1000, 2000, 1, 1, 1, 32768, 2048, 0, 0, 7, 0, 600601, 600601, 0, 0, 0, 119, 496, 'SmartAI', 1, 1, 38, 1, 1, 1, 0, 0, 1, 0, '', 12340),
    (600611, 0, 0, 0, 0, 0, 'Ehrirmos Coldrock', 'Delve Boss', NULL, 0, 84, 84, 0, 168, 0, 1, 1.14286, 1, 1, 20, 3, 0, 18, 2000, 2000, 1, 1, 2, 32832, 2048, 0, 0, 7, 4, 600611, 600611, 0, 0, 0, 694, 912, 'SmartAI', 1, 1, 114.5, 20, 1, 2, 0, 0, 1, 0, '', 12340),
    (600612, 0, 0, 0, 0, 0, 'Rirruhm Brightfury', 'Delve Boss', NULL, 0, 84, 84, 0, 168, 0, 1, 2.14286, 1, 1, 20, 3, 0, 21.25, 1000, 2000, 1, 1, 1, 64, 2048, 0, 0, 7, 4, 600612, 0, 0, 0, 0, 553, 727, 'SmartAI', 1, 1, 110, 2, 1.3, 1, 0, 0, 1, 0, '', 12340);


-- creature_template_model
DELETE FROM `creature_template_model` WHERE `CreatureID` IN (600600, 600601, 600602, 600603, 600604, 600605, 600606, 600607, 600608, 600609, 600610, 600611, 600612);
INSERT INTO `creature_template_model` (`CreatureID`, `Idx`, `CreatureDisplayID`, `DisplayScale`, `Probability`, `VerifiedBuild`) VALUES
(600604, 0, 3954, 1, 1, 12340),
(600607, 0, 3487, 1, 1, 12340),
(600610, 0, 7865, 1, 1, 12340),
(600610, 1, 7866, 1, 1, 12340),
(600610, 2, 7867, 1, 1, 12340),
(600610, 3, 7868, 1, 1, 12340),
(600608, 0, 7765, 1, 1, 12340),
(600608, 1, 7766, 1, 1, 12340),
(600605, 0, 3451, 1, 1, 12340),
(600602, 0, 825, 1, 1, 12340),
(600606, 0, 870, 1, 1, 12340),
(600609, 0, 7814, 1, 1, 12340),
(600609, 1, 7815, 1, 1, 12340),
(600603, 0, 3970, 1, 1, 12340),
(600600, 0, 7798, 1, 1, 12340),
(600600, 1, 7799, 1, 1, 12340),
(600600, 2, 7800, 1, 1, 12340),
(600600, 3, 7801, 1, 1, 12340),
(600601, 0, 3488, 1, 1, 12340),
(600611, 0, 9089, 1, 1, 12340),
(600612, 0, 9212, 1, 1, 12340);

-- creature_template_resistance
DELETE FROM `creature_template_resistance` WHERE `CreatureID` IN (600600, 600601, 600602, 600603, 600604, 600605, 600606, 600607, 600608, 600609, 600610);
INSERT INTO `creature_template_resistance` (`CreatureID`, `School`, `Resistance`, `VerifiedBuild`) VALUES
(600604, 6, 100, 12340),
(600607, 6, 100, 12340),
(600610, 6, 100, 12340),
(600608, 6, 100, 12340),
(600605, 6, 100, 12340),
(600602, 6, 100, 12340),
(600606, 6, 100, 12340),
(600609, 6, 100, 12340),
(600603, 5, 75, 12340),
(600603, 6, 100, 12340),
(600600, 6, 100, 12340),
(600601, 6, 100, 12340);

-- creature_template_spell
DELETE FROM `creature_template_spell` WHERE `CreatureID` IN (600600, 600601, 600602, 600603, 600604, 600606, 600607, 600608, 600610, 600611, 600612);
INSERT INTO `creature_template_spell` (`CreatureID`, `Index`, `Spell`, `VerifiedBuild`) VALUES
(600604, 0, 8858, 12340),
(600607, 0, 8858, 12340),
(600607, 1, 7891, 12340),
(600610, 0, 6660, 12340),
(600608, 0, 6660, 0),
(600608, 1, 14443, 0),
(600602, 0, 7891, 12340),
(600602, 1, 8996, 12340),
(600606, 0, 3204, 12340),
(600603, 0, 20816, 12340),
(600603, 1, 2941, 12340),
(600600, 0, 5115, 12340),
(600601, 0, 7891, 12340),
(600601, 1, 11971, 12340),
(600601, 2, 7164, 12340),
(600611, 0, 12674, 12340),
(600611, 1, 12675, 12340),
(600611, 2, 12556, 12340),
(600611, 3, 15044, 12340),
(600612, 0, 21049, 12340),
(600612, 1, 13730, 12340),
(600612, 2, 15615, 12340);

-- creature_equip_template
DELETE FROM `creature_equip_template` WHERE `CreatureID` IN (600600, 600601, 600602, 600603, 600604, 600605, 600606, 600607, 600608, 600609, 600610, 600611, 600612);
INSERT INTO `creature_equip_template` (`CreatureID`, `ID`, `ItemID1`, `ItemID2`, `ItemID3`, `VerifiedBuild`) VALUES
(600604, 1, 2884, 0, 0, 18019),
(600607, 1, 2884, 0, 0, 18019),
(600610, 1, 1896, 0, 2552, 18019),
(600608, 1, 2183, 0, 2552, 18019),
(600605, 1, 1900, 0, 0, 18019),
(600602, 1, 1909, 0, 2552, 18019),
(600606, 1, 3774, 0, 0, 18019),
(600609, 1, 0, 0, 0, 0),
(600603, 1, 1907, 0, 0, 18019),
(600600, 1, 5278, 5278, 0, 18019),
(600601, 1, 1910, 0, 0, 18019),
(600611, 1, 2177, 0, 0, 18019),
(600612, 1, 11763, 11762, 0, 18019);

-- creature_loot_template
DELETE FROM `creature_loot_template` WHERE `Entry` IN (600600, 600601, 600602, 600603, 600604, 600605, 600606, 600607, 600609, 600610, 600611, 600612);
INSERT INTO `creature_loot_template` (`Entry`, `Item`, `Reference`, `Chance`, `QuestRequired`, `LootMode`, `GroupId`, `MinCount`, `MaxCount`, `Comment`) VALUES
(600604, 1, 1003140, 6, 0, 1, 0, 1, 1, 'World Drop - Grey World Drop - NPC Levels: 31-40'),
(600604, 2, 1023031, 2, 0, 1, 0, 1, 1, 'World Drop - Green World Drop - NPC Levels: 30-31'),
(600604, 3, 1033031, 0.1, 0, 1, 0, 1, 1, 'World Drop - Blue World Drop - NPC Levels: 30-31'),
(600604, 4, 1053140, 0.4, 0, 1, 0, 1, 1, 'World Drop - 12 Slot Bag - NPC Levels: 31-40'),
(600604, 5, 1063039, 3, 0, 1, 0, 1, 1, 'World Drop - Potions III - NPC Levels 30-39'),
(600604, 6, 1071930, 1, 0, 1, 0, 1, 1, 'World Drop - Scrolls II - NPC Levels 19-30'),
(600604, 7, 1080003, 0.3, 0, 1, 0, 1, 1, 'World Drop - Profession Recipes - NPC Levels ~25'),
(600604, 9, 1080019, 1.5, 0, 1, 0, 1, 1, 'World Drop - Gems - NPC Levels: 31-35'),
(600604, 1708, 0, 2.1415, 0, 1, 0, 1, 1, 'Dark Iron Bombardier - Sweet Nectar'),
(600604, 2592, 0, 3.6778, 0, 1, 0, 1, 3, 'Dark Iron Bombardier - Wool Cloth'),
(600604, 4306, 0, 29.4227, 0, 1, 0, 1, 2, 'Dark Iron Bombardier - Silk Cloth'),
(600604, 4338, 0, 1.9, 0, 1, 0, 1, 1, 'Dark Iron Bombardier - Mageweave Cloth'),
(600604, 4539, 0, 0.02, 0, 1, 0, 1, 1, 'Dark Iron Bombardier - Goldenbark Apple'),
(600604, 4544, 0, 5.2607, 0, 1, 0, 1, 1, 'Dark Iron Bombardier - Mulgore Spice Bread'),
(600604, 4614, 0, 0.0466, 0, 1, 0, 1, 1, 'Dark Iron Bombardier - Pendant of Myzrael'),
(600604, 4633, 0, 0.0466, 0, 1, 0, 1, 1, 'Dark Iron Bombardier - Heavy Bronze Lockbox'),
(600604, 4634, 0, 0.0931, 0, 1, 0, 1, 1, 'Dark Iron Bombardier - Iron Lockbox'),
(600604, 8364, 0, 0.02, 0, 1, 0, 1, 1, 'Dark Iron Bombardier - Mithril Head Trout'),
(600607, 1, 1003140, 6, 0, 1, 0, 1, 1, 'World Drop - Grey World Drop - NPC Levels: 31-40'),
(600607, 2, 1023031, 2, 0, 1, 0, 1, 1, 'World Drop - Green World Drop - NPC Levels: 30-31'),
(600607, 3, 1033031, 0.1, 0, 1, 0, 1, 1, 'World Drop - Blue World Drop - NPC Levels: 30-31'),
(600607, 4, 1053140, 0.4, 0, 1, 0, 1, 1, 'World Drop - 12 Slot Bag - NPC Levels: 31-40'),
(600607, 5, 1063039, 3, 0, 1, 0, 1, 1, 'World Drop - Potions III - NPC Levels 30-39'),
(600607, 6, 1071930, 1, 0, 1, 0, 1, 1, 'World Drop - Scrolls II - NPC Levels 19-30'),
(600607, 7, 1080003, 0.3, 0, 1, 0, 1, 1, 'World Drop - Profession Recipes - NPC Levels ~25'),
(600607, 9, 1080019, 1.5, 0, 1, 0, 1, 1, 'World Drop - Gems - NPC Levels: 31-35'),
(600607, 1205, 0, 3, 0, 1, 0, 1, 1, 'Dark Iron Demolitionist - Melon Juice'),
(600607, 2084, 0, 2, 0, 1, 1, 1, 1, 'Dark Iron Demolitionist - Darksteel Bastard Sword'),
(600607, 2592, 0, 12, 0, 1, 2, 1, 3, 'Dark Iron Demolitionist - Wool Cloth'),
(600607, 4306, 0, 30, 0, 1, 2, 1, 3, 'Dark Iron Demolitionist - Silk Cloth'),
(600607, 4542, 0, 6, 0, 1, 0, 1, 1, 'Dark Iron Demolitionist - Moist Cornbread'),
(600607, 11150, 0, 1.5, 0, 1, 1, 1, 1, 'Dark Iron Demolitionist - Formula: Enchant Gloves - Mining'),
(600610, 1, 1004150, 6, 0, 1, 0, 1, 1, 'World Drop - Grey World Drop - NPC Levels: 41-50'),
(600610, 2, 1024748, 2, 0, 1, 0, 1, 1, 'World Drop - Green World Drop - NPC Levels: 47-48'),
(600610, 3, 1034748, 0.1, 0, 1, 0, 1, 1, 'World Drop - Blue World Drop - NPC Levels: 47-48'),
(600610, 4, 1044748, 0.01, 0, 1, 0, 1, 1, 'World Drop - Purple World Drop - NPC Levels: 47-48'),
(600610, 5, 1054162, 0.1, 0, 1, 0, 1, 1, 'World Drop - 14 Slot Bag - NPC Levels: 41-62'),
(600610, 6, 1064049, 3, 0, 1, 0, 1, 1, 'World Drop - Potions IV - NPC Levels 40-49'),
(600610, 7, 1073545, 1, 0, 1, 0, 1, 1, 'World Drop - Scrolls III - NPC Levels 35-45'),
(600610, 8, 1080006, 0.3, 0, 1, 0, 1, 1, 'World Drop - Profession Recipes - NPC Levels ~48'),
(600610, 9, 1080022, 1.5, 0, 1, 0, 1, 1, 'World Drop - Gems - NPC Levels: 46-62'),
(600610, 1645, 0, 2.243, 0, 1, 0, 1, 1, 'Dark Iron Lookout - Moonberry Juice'),
(600610, 4338, 0, 34.7309, 0, 1, 0, 1, 3, 'Dark Iron Lookout - Mageweave Cloth'),
(600610, 4599, 0, 0.02, 0, 1, 0, 1, 1, 'Dark Iron Lookout - Cured Ham Steak'),
(600610, 4601, 0, 4.841, 0, 1, 0, 1, 1, 'Dark Iron Lookout - Soft Banana Bread'),
(600610, 4602, 0, 0.02, 0, 1, 0, 1, 1, 'Dark Iron Lookout - Moon Harvest Pumpkin'),
(600610, 4638, 0, 0.1595, 0, 1, 0, 1, 1, 'Dark Iron Lookout - Reinforced Steel Lockbox'),
(600610, 10551, 0, 80, 1, 1, 0, 1, 1, 'Dark Iron Lookout - Thorium Plated Dagger'),
(600610, 11818, 0, 3, 0, 1, 0, 1, 1, 'Dark Iron Lookout - Grimesilt Outhouse Key'),
(600610, 18960, 0, 100, 1, 1, 0, 1, 1, 'Dark Iron Lookout - Lookout\'s Spyglass'),
(600610, 22528, 0, 17.8516, 0, 1, 0, 1, 1, 'Dark Iron Lookout - Dark Iron Scraps'),
(600605, 774, 0, 0.2, 0, 1, 0, 1, 1, 'Dark Iron Raider - Malachite'),
(600605, 818, 0, 0.6, 0, 1, 0, 1, 1, 'Dark Iron Raider - Tigerseye'),
(600605, 856, 0, 0.75, 0, 1, 0, 1, 1, 'Dark Iron Raider - Blue Leather Bag'),
(600605, 858, 0, 1.5299, 0, 1, 0, 1, 1, 'Dark Iron Raider - Lesser Healing Potion'),
(600605, 955, 0, 0.36, 0, 1, 0, 1, 1, 'Dark Iron Raider - Scroll of Intellect'),
(600605, 1179, 0, 2.3644, 0, 1, 0, 1, 1, 'Dark Iron Raider - Ice Cold Milk'),
(600605, 1180, 0, 0.32, 0, 1, 0, 1, 1, 'Dark Iron Raider - Scroll of Stamina'),
(600605, 1181, 0, 0.54, 0, 1, 0, 1, 1, 'Dark Iron Raider - Scroll of Spirit'),
(600605, 1210, 0, 0.2, 0, 1, 0, 1, 1, 'Dark Iron Raider - Shadowgem'),
(600605, 2406, 0, 0.02, 0, 1, 0, 1, 1, 'Dark Iron Raider - Pattern: Fine Leather Boots'),
(600605, 2408, 0, 0.02, 0, 1, 0, 1, 1, 'Dark Iron Raider - Pattern: Fine Leather Gloves'),
(600605, 2447, 0, 0.02, 0, 1, 0, 1, 1, 'Dark Iron Raider - Peacebloom'),
(600605, 2455, 0, 0.2782, 0, 1, 0, 1, 1, 'Dark Iron Raider - Minor Mana Potion'),
(600605, 2555, 0, 0.02, 0, 1, 0, 1, 1, 'Dark Iron Raider - Recipe: Swiftness Potion'),
(600605, 2589, 0, 38.3866, 0, 1, 0, 1, 3, 'Dark Iron Raider - Linen Cloth'),
(600605, 2598, 0, 0.04, 0, 1, 0, 1, 1, 'Dark Iron Raider - Pattern: Red Linen Robe'),
(600605, 2657, 0, 0.06, 0, 1, 0, 1, 1, 'Dark Iron Raider - Red Leather Bag'),
(600605, 2700, 0, 0.18, 0, 1, 0, 1, 1, 'Dark Iron Raider - Recipe: Succulent Pork Ribs'),
(600605, 2835, 0, 0.16, 0, 1, 0, 1, 1, 'Dark Iron Raider - Rough Stone'),
(600605, 2971, 0, 0.1391, 0, 1, 0, 1, 1, 'Dark Iron Raider - Spellbinder Boots'),
(600605, 2972, 0, 0.14, 0, 1, 0, 1, 1, 'Dark Iron Raider - Spellbinder Gloves'),
(600605, 2975, 0, 0.2, 0, 1, 0, 1, 1, 'Dark Iron Raider - Hunting Boots'),
(600605, 2979, 0, 0.2, 0, 1, 0, 1, 1, 'Dark Iron Raider - Veteran Boots'),
(600605, 3013, 0, 0.5, 0, 1, 0, 1, 1, 'Dark Iron Raider - Scroll of Protection'),
(600605, 3207, 0, 0.2782, 0, 1, 0, 1, 1, 'Dark Iron Raider - Hunting Bracers'),
(600605, 3213, 0, 0.08, 0, 1, 0, 1, 1, 'Dark Iron Raider - Veteran Bracers'),
(600605, 3609, 0, 0.02, 0, 1, 0, 1, 1, 'Dark Iron Raider - Plans: Copper Chain Vest'),
(600605, 3643, 0, 0.1391, 0, 1, 0, 1, 1, 'Dark Iron Raider - Spellbinder Bracers'),
(600605, 4346, 0, 0.02, 0, 1, 0, 1, 1, 'Dark Iron Raider - Pattern: Heavy Woolen Cloak'),
(600605, 4408, 0, 0.02, 0, 1, 0, 1, 1, 'Dark Iron Raider - Schematic: Mechanical Squirrel Box'),
(600605, 4541, 0, 4.3115, 0, 1, 0, 1, 1, 'Dark Iron Raider - Freshly Baked Bread'),
(600605, 4678, 0, 0.1391, 0, 1, 0, 1, 1, 'Dark Iron Raider - Veteran Girdle'),
(600605, 4683, 0, 0.1391, 0, 1, 0, 1, 1, 'Dark Iron Raider - Spellbinder Cloak'),
(600605, 4684, 0, 0.1391, 0, 1, 0, 1, 1, 'Dark Iron Raider - Spellbinder Belt'),
(600605, 4689, 0, 0.1391, 0, 1, 0, 1, 1, 'Dark Iron Raider - Hunting Cloak'),
(600605, 4690, 0, 0.1391, 0, 1, 0, 1, 1, 'Dark Iron Raider - Hunting Belt'),
(600605, 5573, 0, 0.02, 0, 1, 0, 1, 1, 'Dark Iron Raider - Green Leather Bag'),
(600605, 5574, 0, 0.1391, 0, 1, 0, 1, 1, 'Dark Iron Raider - White Leather Bag'),
(600605, 6271, 0, 0.02, 0, 1, 0, 1, 1, 'Dark Iron Raider - Pattern: Red Linen Vest'),
(600605, 6342, 0, 0.02, 0, 1, 0, 1, 1, 'Dark Iron Raider - Formula: Enchant Chest - Minor Mana'),
(600605, 6347, 0, 0.02, 0, 1, 0, 1, 1, 'Dark Iron Raider - Formula: Enchant Bracer - Minor Strength'),
(600605, 6348, 0, 0.02, 0, 1, 0, 1, 1, 'Dark Iron Raider - Formula: Enchant Weapon - Minor Beastslayer'),
(600605, 6549, 0, 0.24, 0, 1, 0, 1, 1, 'Dark Iron Raider - Soldier\'s Cloak'),
(600605, 6555, 0, 0.38, 0, 1, 0, 1, 1, 'Dark Iron Raider - Bard\'s Cloak'),
(600605, 6716, 0, 0.04, 0, 1, 0, 1, 1, 'Dark Iron Raider - Schematic: EZ-Thro Dynamite'),
(600605, 7288, 0, 0.1, 0, 1, 0, 1, 1, 'Dark Iron Raider - Pattern: Rugged Leather Pants'),
(600605, 9746, 0, 0.14, 0, 1, 0, 1, 1, 'Dark Iron Raider - Simple Gloves'),
(600605, 9755, 0, 0.24, 0, 1, 0, 1, 1, 'Dark Iron Raider - Gypsy Gloves'),
(600605, 9759, 0, 0.14, 0, 1, 0, 1, 1, 'Dark Iron Raider - Cadet Boots'),
(600605, 9762, 0, 0.12, 0, 1, 0, 1, 1, 'Dark Iron Raider - Cadet Gauntlets'),
(600605, 24071, 24071, 5, 0, 1, 1, 1, 1, 'Dark Iron Raider - (ReferenceTable)'),
(600605, 24075, 24075, 1, 0, 1, 1, 1, 1, 'Dark Iron Raider - (ReferenceTable)'),
(600605, 24076, 24076, 1, 0, 1, 1, 1, 1, 'Dark Iron Raider - (ReferenceTable)'),
(600605, 24077, 24077, 1, 0, 1, 1, 1, 1, 'Dark Iron Raider - (ReferenceTable)'),
(600602, 1, 1002630, 6, 0, 1, 0, 1, 1, 'World Drop - Grey World Drop - NPC Levels: 26-30'),
(600602, 2, 1022728, 2, 0, 1, 0, 1, 1, 'World Drop - Green World Drop - NPC Levels: 27-28'),
(600602, 3, 1032728, 0.1, 0, 1, 0, 1, 1, 'World Drop - Blue World Drop - NPC Levels: 27-28'),
(600602, 4, 1052130, 0.5, 0, 1, 0, 1, 1, 'World Drop - 10 Slot Bag - NPC Levels: 21-30'),
(600602, 5, 1062029, 3, 0, 1, 0, 1, 1, 'World Drop - Potions II - NPC Levels 20-29'),
(600602, 6, 1071930, 1, 0, 1, 0, 1, 1, 'World Drop - Scrolls II - NPC Levels 19-30'),
(600602, 7, 1080003, 0.3, 0, 1, 0, 1, 1, 'World Drop - Profession Recipes - NPC Levels ~25'),
(600602, 9, 1080018, 1.5, 0, 1, 0, 1, 1, 'World Drop - Gems - NPC Levels: 28-30'),
(600602, 1205, 0, 2.651, 0, 1, 0, 1, 1, 'Dark Iron Rifleman - Melon Juice'),
(600602, 2592, 0, 8.6892, 0, 1, 0, 1, 3, 'Dark Iron Rifleman - Wool Cloth'),
(600602, 4306, 0, 22.975, 0, 1, 0, 1, 3, 'Dark Iron Rifleman - Silk Cloth'),
(600602, 4542, 0, 4.5655, 0, 1, 0, 1, 1, 'Dark Iron Rifleman - Moist Cornbread'),
(600602, 4633, 0, 0.2209, 0, 1, 0, 1, 1, 'Dark Iron Rifleman - Heavy Bronze Lockbox'),
(600602, 6315, 0, 3, 0, 1, 0, 1, 1, 'Dark Iron Rifleman - Steelarrow Crossbow'),
(600606, 1, 1001620, 6, 0, 1, 0, 1, 1, 'World Drop - Grey World Drop - NPC Levels: 16-20'),
(600606, 2, 1011717, 1, 0, 1, 0, 1, 1, 'World Drop - White World Drop - NPC Levels: 17-17'),
(600606, 3, 1021717, 2, 0, 1, 0, 1, 1, 'World Drop - Green World Drop - NPC Levels: 17-17'),
(600606, 4, 1051120, 0.5, 0, 1, 0, 1, 1, 'World Drop - 8 Slot Bag - NPC Levels: 11-20'),
(600606, 5, 1061019, 3, 0, 1, 0, 1, 1, 'World Drop - Potions I - NPC Levels 10-19'),
(600606, 6, 1070518, 1, 0, 1, 0, 1, 1, 'World Drop - Scrolls I - NPC Levels 5-18'),
(600606, 7, 1080002, 0.3, 0, 1, 0, 1, 1, 'World Drop - Profession Recipes - NPC Levels ~10-20'),
(600606, 9, 1080015, 1.5, 0, 1, 0, 1, 1, 'World Drop - Gems - NPC Levels: 15-19'),
(600606, 1179, 0, 4, 0, 1, 3, 1, 1, 'Dark Iron Sapper - Ice Cold Milk'),
(600606, 2274, 0, 1.1, 0, 1, 1, 1, 1, 'Dark Iron Sapper - Sapper\'s Gloves'),
(600606, 2589, 0, 21, 0, 1, 2, 1, 3, 'Dark Iron Sapper - Linen Cloth'),
(600606, 2592, 0, 24, 0, 1, 2, 1, 2, 'Dark Iron Sapper - Wool Cloth'),
(600606, 4541, 0, 6, 0, 1, 3, 1, 1, 'Dark Iron Sapper - Freshly Baked Bread'),
(600609, 1645, 0, 2.2755, 0, 1, 0, 1, 2, 'Dark Iron Sentry - Moonberry Juice'),
(600609, 1710, 0, 0.0489, 0, 1, 0, 2, 3, 'Dark Iron Sentry - Greater Healing Potion'),
(600609, 2838, 0, 0.06, 0, 1, 0, 1, 1, 'Dark Iron Sentry - Heavy Stone'),
(600609, 3356, 0, 0.06, 0, 1, 0, 1, 1, 'Dark Iron Sentry - Kingsblood'),
(600609, 3357, 0, 0.04, 0, 1, 0, 1, 1, 'Dark Iron Sentry - Liferoot'),
(600609, 3395, 0, 0.02, 0, 1, 0, 1, 1, 'Dark Iron Sentry - Recipe: Limited Invulnerability Potion'),
(600609, 3827, 0, 0.0734, 0, 1, 0, 3, 3, 'Dark Iron Sentry - Mana Potion'),
(600609, 3864, 0, 0.02, 0, 1, 0, 1, 1, 'Dark Iron Sentry - Citrine'),
(600609, 3914, 0, 0.04, 0, 1, 0, 1, 1, 'Dark Iron Sentry - Journeyman\'s Backpack'),
(600609, 3927, 0, 0.0245, 0, 1, 0, 1, 1, 'Dark Iron Sentry - Fine Aged Cheddar'),
(600609, 3928, 0, 1.4681, 0, 1, 0, 1, 1, 'Dark Iron Sentry - Superior Healing Potion'),
(600609, 4306, 0, 0.06, 0, 1, 0, 1, 1, 'Dark Iron Sentry - Silk Cloth'),
(600609, 4338, 0, 34.1571, 0, 1, 0, 1, 3, 'Dark Iron Sentry - Mageweave Cloth'),
(600609, 4419, 0, 0.56, 0, 1, 0, 1, 1, 'Dark Iron Sentry - Scroll of Intellect III'),
(600609, 4422, 0, 0.64, 0, 1, 0, 1, 1, 'Dark Iron Sentry - Scroll of Stamina III'),
(600609, 4425, 0, 0.48, 0, 1, 0, 1, 1, 'Dark Iron Sentry - Scroll of Agility III'),
(600609, 4426, 0, 0.36, 0, 1, 0, 1, 1, 'Dark Iron Sentry - Scroll of Strength III'),
(600609, 4599, 0, 0.0979, 0, 1, 0, 1, 2, 'Dark Iron Sentry - Cured Ham Steak'),
(600609, 4601, 0, 4.4776, 0, 1, 0, 1, 2, 'Dark Iron Sentry - Soft Banana Bread'),
(600609, 4602, 0, 0.2, 0, 1, 0, 1, 1, 'Dark Iron Sentry - Moon Harvest Pumpkin'),
(600609, 4608, 0, 0.0245, 0, 1, 0, 2, 2, 'Dark Iron Sentry - Raw Black Truffle'),
(600609, 4638, 0, 0.1468, 0, 1, 0, 1, 1, 'Dark Iron Sentry - Reinforced Steel Lockbox'),
(600609, 6149, 0, 1.5, 0, 1, 0, 1, 1, 'Dark Iron Sentry - Greater Mana Potion'),
(600609, 7909, 0, 0.0245, 0, 1, 0, 1, 1, 'Dark Iron Sentry - Aquamarine'),
(600609, 7910, 0, 0.0245, 0, 1, 0, 1, 1, 'Dark Iron Sentry - Star Ruby'),
(600609, 7912, 0, 0.06, 0, 1, 0, 1, 1, 'Dark Iron Sentry - Solid Stone'),
(600609, 7989, 0, 0.02, 0, 1, 0, 1, 1, 'Dark Iron Sentry - Plans: Mithril Spurs'),
(600609, 7990, 0, 0.02, 0, 1, 0, 1, 1, 'Dark Iron Sentry - Plans: Heavy Mithril Helm'),
(600609, 7993, 0, 0.02, 0, 1, 0, 1, 1, 'Dark Iron Sentry - Plans: Dazzling Mithril Rapier'),
(600609, 8387, 0, 0.02, 0, 1, 0, 1, 1, 'Dark Iron Sentry - Pattern: Big Voodoo Mask'),
(600609, 9295, 0, 0.02, 0, 1, 0, 1, 1, 'Dark Iron Sentry - Recipe: Invisibility Potion'),
(600609, 9298, 0, 0.02, 0, 1, 0, 1, 1, 'Dark Iron Sentry - Recipe: Elixir of Giants'),
(600609, 10312, 0, 0.02, 0, 1, 0, 1, 1, 'Dark Iron Sentry - Pattern: Red Mageweave Gloves'),
(600609, 10551, 0, 80, 1, 1, 0, 1, 1, 'Dark Iron Sentry - Thorium Plated Dagger'),
(600609, 10606, 0, 0.02, 0, 1, 0, 1, 1, 'Dark Iron Sentry - Schematic: Parachute Cloak'),
(600609, 11818, 0, 3, 0, 1, 0, 1, 1, 'Dark Iron Sentry - Grimesilt Outhouse Key'),
(600609, 12365, 0, 0.02, 0, 1, 0, 1, 1, 'Dark Iron Sentry - Dense Stone'),
(600609, 12683, 0, 0.02, 0, 1, 0, 1, 1, 'Dark Iron Sentry - Plans: Thorium Belt'),
(600609, 14470, 0, 0.02, 0, 1, 0, 1, 1, 'Dark Iron Sentry - Pattern: Runecloth Tunic'),
(600609, 15737, 0, 0.02, 0, 1, 0, 1, 1, 'Dark Iron Sentry - Pattern: Chimeric Boots'),
(600609, 16218, 0, 0.02, 0, 1, 0, 1, 1, 'Dark Iron Sentry - Formula: Enchant Bracer - Superior Spirit'),
(600609, 16220, 0, 0.02, 0, 1, 0, 1, 1, 'Dark Iron Sentry - Formula: Enchant Boots - Spirit'),
(600609, 22528, 0, 18.3019, 0, 1, 0, 1, 1, 'Dark Iron Sentry - Dark Iron Scraps'),
(600609, 24025, 24025, 1, 0, 1, 1, 1, 1, 'Dark Iron Sentry - (ReferenceTable)'),
(600609, 24027, 24027, 1, 0, 1, 1, 1, 1, 'Dark Iron Sentry - (ReferenceTable)'),
(600609, 24036, 24036, 5, 0, 1, 1, 1, 1, 'Dark Iron Sentry - (ReferenceTable)'),
(600609, 24037, 24037, 1, 0, 1, 1, 1, 1, 'Dark Iron Sentry - (ReferenceTable)'),
(600609, 24039, 24039, 1, 0, 1, 1, 1, 1, 'Dark Iron Sentry - (ReferenceTable)'),
(600609, 24041, 24041, 1, 0, 1, 1, 1, 1, 'Dark Iron Sentry - (ReferenceTable)'),
(600609, 24043, 24043, 1, 0, 1, 1, 1, 1, 'Dark Iron Sentry - (ReferenceTable)'),
(600609, 24044, 24044, 0.5, 0, 1, 1, 1, 1, 'Dark Iron Sentry - (ReferenceTable)'),
(600609, 24045, 24045, 1, 0, 1, 1, 1, 1, 'Dark Iron Sentry - (ReferenceTable)'),
(600609, 24046, 24046, 0.5, 0, 1, 1, 1, 1, 'Dark Iron Sentry - (ReferenceTable)'),
(600609, 24082, 24082, 0.1, 0, 1, 1, 1, 1, 'Dark Iron Sentry - (ReferenceTable)'),
(600609, 24083, 24083, 0.1, 0, 1, 1, 1, 1, 'Dark Iron Sentry - (ReferenceTable)'),
(600603, 1, 1003140, 6, 0, 1, 0, 1, 1, 'World Drop - Grey World Drop - NPC Levels: 31-40'),
(600603, 2, 1023132, 2, 0, 1, 0, 1, 1, 'World Drop - Green World Drop - NPC Levels: 31-32'),
(600603, 3, 1033132, 0.1, 0, 1, 0, 1, 1, 'World Drop - Blue World Drop - NPC Levels: 31-32'),
(600603, 4, 1053140, 0.4, 0, 1, 0, 1, 1, 'World Drop - 12 Slot Bag - NPC Levels: 31-40'),
(600603, 5, 1063039, 3, 0, 1, 0, 1, 1, 'World Drop - Potions III - NPC Levels 30-39'),
(600603, 6, 1071930, 1, 0, 1, 0, 1, 1, 'World Drop - Scrolls II - NPC Levels 19-30'),
(600603, 7, 1080004, 0.3, 0, 1, 0, 1, 1, 'World Drop - Profession Recipes - NPC Levels ~35'),
(600603, 9, 1080019, 1.5, 0, 1, 0, 1, 1, 'World Drop - Gems - NPC Levels: 31-35'),
(600603, 1708, 0, 1.8421, 0, 1, 0, 1, 1, 'Dark Iron Shadowcaster - Sweet Nectar'),
(600603, 2592, 0, 3.4211, 0, 1, 0, 1, 3, 'Dark Iron Shadowcaster - Wool Cloth'),
(600603, 4306, 0, 33.6842, 0, 1, 0, 1, 2, 'Dark Iron Shadowcaster - Silk Cloth'),
(600603, 4338, 0, 1.3158, 0, 1, 0, 1, 1, 'Dark Iron Shadowcaster - Mageweave Cloth'),
(600603, 4544, 0, 4.4737, 0, 1, 0, 1, 1, 'Dark Iron Shadowcaster - Mulgore Spice Bread'),
(600603, 4634, 0, 0.2632, 0, 1, 0, 1, 1, 'Dark Iron Shadowcaster - Iron Lockbox'),
(600600, 1645, 0, 2.4078, 0, 1, 0, 1, 1, 'Dark Iron Taskmaster - Moonberry Juice'),
(600600, 1708, 0, 0.02, 0, 1, 0, 1, 1, 'Dark Iron Taskmaster - Sweet Nectar'),
(600600, 3927, 0, 0.02, 0, 1, 0, 1, 1, 'Dark Iron Taskmaster - Fine Aged Cheddar'),
(600600, 4306, 0, 0.02, 0, 1, 0, 1, 1, 'Dark Iron Taskmaster - Silk Cloth'),
(600600, 4338, 0, 34.6231, 0, 1, 0, 1, 3, 'Dark Iron Taskmaster - Mageweave Cloth'),
(600600, 4539, 0, 0.02, 0, 1, 0, 1, 1, 'Dark Iron Taskmaster - Goldenbark Apple'),
(600600, 4599, 0, 0.02, 0, 1, 0, 1, 1, 'Dark Iron Taskmaster - Cured Ham Steak'),
(600600, 4601, 0, 4.6961, 0, 1, 0, 1, 1, 'Dark Iron Taskmaster - Soft Banana Bread'),
(600600, 4602, 0, 0.02, 0, 1, 0, 1, 1, 'Dark Iron Taskmaster - Moon Harvest Pumpkin'),
(600600, 4608, 0, 0.02, 0, 1, 0, 1, 1, 'Dark Iron Taskmaster - Raw Black Truffle'),
(600600, 4638, 0, 0.0772, 0, 1, 0, 1, 1, 'Dark Iron Taskmaster - Reinforced Steel Lockbox'),
(600600, 10551, 0, 80, 1, 1, 0, 1, 1, 'Dark Iron Taskmaster - Thorium Plated Dagger'),
(600600, 10575, 0, 0.02, 0, 1, 0, 1, 1, 'Dark Iron Taskmaster - Black Dragonflight Molt'),
(600600, 21547, 0, 1, 0, 1, 0, 1, 1, 'Dark Iron Taskmaster - Recipe: Elixir of Greater Firepower'),
(600600, 22528, 0, 18.3536, 0, 1, 0, 1, 1, 'Dark Iron Taskmaster - Dark Iron Scraps'),
(600601, 1, 1002630, 6, 0, 1, 0, 1, 1, 'World Drop - Grey World Drop - NPC Levels: 26-30'),
(600601, 2, 1022930, 2, 0, 1, 0, 1, 1, 'World Drop - Green World Drop - NPC Levels: 29-30'),
(600601, 3, 1032930, 0.1, 0, 1, 0, 1, 1, 'World Drop - Blue World Drop - NPC Levels: 29-30'),
(600601, 4, 1052130, 0.5, 0, 1, 0, 1, 1, 'World Drop - 10 Slot Bag - NPC Levels: 21-30'),
(600601, 5, 1063039, 3, 0, 1, 0, 1, 1, 'World Drop - Potions III - NPC Levels 30-39'),
(600601, 6, 1071930, 1, 0, 1, 0, 1, 1, 'World Drop - Scrolls II - NPC Levels 19-30'),
(600601, 7, 1080003, 0.3, 0, 1, 0, 1, 1, 'World Drop - Profession Recipes - NPC Levels ~25'),
(600601, 9, 1080018, 1.5, 0, 1, 0, 1, 1, 'World Drop - Gems - NPC Levels: 28-30'),
(600601, 756, 0, 2, 0, 1, 1, 1, 1, 'Dark Iron Tunneler - Tunnel Pick'),
(600601, 1205, 0, 3, 0, 1, 0, 1, 1, 'Dark Iron Tunneler - Melon Juice'),
(600601, 2592, 0, 12, 0, 1, 2, 1, 3, 'Dark Iron Tunneler - Wool Cloth'),
(600601, 4306, 0, 30, 0, 1, 2, 1, 3, 'Dark Iron Tunneler - Silk Cloth'),
(600601, 4542, 0, 6, 0, 1, 0, 1, 1, 'Dark Iron Tunneler - Moist Cornbread'),
(600601, 11150, 0, 1.5, 0, 1, 1, 1, 1, 'Dark Iron Tunneler - Formula: Enchant Gloves - Mining'),
(600611, 11782, 0, 0, 0, 1, 1, 1, 1, 'Warder Stilgiss - Boreal Mantle'),
(600611, 11783, 0, 0, 0, 1, 1, 1, 1, 'Warder Stilgiss - Chillsteel Girdle'),
(600611, 11784, 0, 0, 0, 1, 1, 1, 1, 'Warder Stilgiss - Arbiter\'s Blade'),
(600611, 14047, 0, 28, 0, 1, 0, 1, 4, 'Warder Stilgiss - Runecloth'),
(600611, 18945, 0, 11, 0, 1, 0, 1, 10, 'Warder Stilgiss - Dark Iron Residue'),
(600611, 22241, 0, 0, 0, 1, 1, 1, 1, 'Warder Stilgiss - Dark Warder\'s Pauldrons'),
(600611, 22528, 0, 8, 0, 1, 0, 2, 4, 'Warder Stilgiss - Dark Iron Scraps'),
(600612, 11623, 0, 0, 0, 1, 1, 1, 1, 'Houndmaster Grebmar - Spritecaster Cape'),
(600612, 11627, 0, 0, 0, 1, 1, 1, 1, 'Houndmaster Grebmar - Fleetfoot Greaves'),
(600612, 11628, 0, 15, 0, 1, 1, 1, 1, 'Houndmaster Grebmar - Houndmaster\'s Bow'),
(600612, 11629, 0, 15, 0, 1, 1, 1, 1, 'Houndmaster Grebmar - Houndmaster\'s Rifle'),
(600612, 14047, 0, 20, 0, 1, 0, 1, 4, 'Houndmaster Grebmar - Runecloth'),
(600612, 18945, 0, 13, 0, 1, 0, 1, 10, 'Houndmaster Grebmar - Dark Iron Residue'),
(600612, 22528, 0, 8, 0, 1, 0, 2, 4, 'Houndmaster Grebmar - Dark Iron Scraps');

-- pickpocketing_loot_template
DELETE FROM `pickpocketing_loot_template` WHERE `Entry` IN (600600, 600601, 600602, 600604, 600607, 600609, 600610, 600611);
INSERT INTO `pickpocketing_loot_template` (`Entry`, `Item`, `Reference`, `Chance`, `QuestRequired`, `LootMode`, `GroupId`, `MinCount`, `MaxCount`, `Comment`) VALUES
(600604, 4542, 0, 3.5714, 0, 1, 0, 1, 1, 'Dark Iron Bombardier - Moist Cornbread'),
(600604, 5374, 0, 7.1429, 0, 1, 0, 1, 1, 'Dark Iron Bombardier - Small Pocket Watch'),
(600604, 16882, 0, 21.4286, 0, 1, 0, 1, 1, 'Dark Iron Bombardier - Battered Junkbox'),
(600607, 422, 0, 4.7619, 0, 1, 0, 1, 1, 'Dark Iron Demolitionist - Dwarven Mild'),
(600607, 929, 0, 4.7619, 0, 1, 0, 1, 1, 'Dark Iron Demolitionist - Healing Potion'),
(600607, 5374, 0, 14.2857, 0, 1, 0, 1, 1, 'Dark Iron Demolitionist - Small Pocket Watch'),
(600607, 16882, 0, 4.7619, 0, 1, 0, 1, 1, 'Dark Iron Demolitionist - Battered Junkbox'),
(600610, 3927, 0, 4.1534, 0, 1, 0, 1, 1, 'Dark Iron Lookout - Fine Aged Cheddar'),
(600610, 3928, 0, 4.1534, 0, 1, 0, 1, 1, 'Dark Iron Lookout - Superior Healing Potion'),
(600610, 4601, 0, 1.9169, 0, 1, 0, 1, 1, 'Dark Iron Lookout - Soft Banana Bread'),
(600610, 4602, 0, 3.1949, 0, 1, 0, 1, 1, 'Dark Iron Lookout - Moon Harvest Pumpkin'),
(600610, 5432, 0, 8.6262, 0, 1, 0, 1, 1, 'Dark Iron Lookout - Hickory Pipe'),
(600610, 7909, 0, 0.3195, 0, 1, 0, 1, 1, 'Dark Iron Lookout - Aquamarine'),
(600610, 16884, 0, 9.4249, 0, 1, 0, 1, 1, 'Dark Iron Lookout - Sturdy Junkbox'),
(600602, 422, 0, 15.7895, 0, 1, 0, 1, 1, 'Dark Iron Rifleman - Dwarven Mild'),
(600602, 1705, 0, 5.2632, 0, 1, 0, 1, 1, 'Dark Iron Rifleman - Lesser Moonstone'),
(600602, 4538, 0, 5.2632, 0, 1, 0, 1, 1, 'Dark Iron Rifleman - Snapvine Watermelon'),
(600602, 5374, 0, 5.2632, 0, 1, 0, 1, 1, 'Dark Iron Rifleman - Small Pocket Watch'),
(600602, 16882, 0, 21.0526, 0, 1, 0, 1, 1, 'Dark Iron Rifleman - Battered Junkbox'),
(600609, 3927, 0, 2.809, 0, 1, 0, 1, 1, 'Dark Iron Sentry - Fine Aged Cheddar'),
(600609, 3928, 0, 4.4944, 0, 1, 0, 1, 1, 'Dark Iron Sentry - Superior Healing Potion'),
(600609, 4601, 0, 2.809, 0, 1, 0, 1, 1, 'Dark Iron Sentry - Soft Banana Bread'),
(600609, 4602, 0, 6.1798, 0, 1, 0, 1, 1, 'Dark Iron Sentry - Moon Harvest Pumpkin'),
(600609, 5432, 0, 13.4831, 0, 1, 0, 1, 1, 'Dark Iron Sentry - Hickory Pipe'),
(600609, 7909, 0, 0.5618, 0, 1, 0, 1, 1, 'Dark Iron Sentry - Aquamarine'),
(600609, 7910, 0, 1.1236, 0, 1, 0, 1, 1, 'Dark Iron Sentry - Star Ruby'),
(600609, 16884, 0, 8.9888, 0, 1, 0, 1, 1, 'Dark Iron Sentry - Sturdy Junkbox'),
(600600, 3927, 0, 2.1357, 0, 1, 0, 1, 1, 'Dark Iron Taskmaster - Fine Aged Cheddar'),
(600600, 3928, 0, 2.9523, 0, 1, 0, 1, 1, 'Dark Iron Taskmaster - Superior Healing Potion'),
(600600, 4601, 0, 3.4548, 0, 1, 0, 1, 1, 'Dark Iron Taskmaster - Soft Banana Bread'),
(600600, 4602, 0, 2.9523, 0, 1, 0, 1, 1, 'Dark Iron Taskmaster - Moon Harvest Pumpkin'),
(600600, 5432, 0, 10.9296, 0, 1, 0, 1, 1, 'Dark Iron Taskmaster - Hickory Pipe'),
(600600, 7909, 0, 0.2513, 0, 1, 0, 1, 1, 'Dark Iron Taskmaster - Aquamarine'),
(600600, 7910, 0, 0.8166, 0, 1, 0, 1, 1, 'Dark Iron Taskmaster - Star Ruby'),
(600600, 16884, 0, 10.4899, 0, 1, 0, 1, 1, 'Dark Iron Taskmaster - Sturdy Junkbox'),
(600601, 422, 0, 7.5472, 0, 1, 0, 1, 1, 'Dark Iron Tunneler - Dwarven Mild'),
(600601, 929, 0, 5.6604, 0, 1, 0, 1, 1, 'Dark Iron Tunneler - Healing Potion'),
(600601, 4538, 0, 3.7736, 0, 1, 0, 1, 1, 'Dark Iron Tunneler - Snapvine Watermelon'),
(600601, 4542, 0, 5.6604, 0, 1, 0, 1, 1, 'Dark Iron Tunneler - Moist Cornbread'),
(600601, 5374, 0, 13.2075, 0, 1, 0, 1, 1, 'Dark Iron Tunneler - Small Pocket Watch'),
(600601, 16882, 0, 13.2075, 0, 1, 0, 1, 1, 'Dark Iron Tunneler - Battered Junkbox'),
(600611, 5432, 0, 5, 0, 1, 0, 1, 1, 'Warder Stilgiss - Hickory Pipe'),
(600611, 7910, 0, 5, 0, 1, 0, 1, 1, 'Warder Stilgiss - Star Ruby'),
(600611, 16885, 0, 5, 0, 1, 0, 1, 1, 'Warder Stilgiss - Heavy Junkbox');

-- creature
DELETE FROM `creature` WHERE `id1` IN (600600, 600601, 600602, 600603, 600604, 600605, 600606, 600607, 600608, 600609, 600610, 600611, 600612);
INSERT INTO `creature` (`guid`, `id1`, `id2`, `id3`, `map`, `zoneId`, `areaId`, `spawnMask`, `phaseMask`, `equipment_id`, `position_x`, `position_y`, `position_z`, `orientation`, `spawntimesecs`, `wander_distance`, `currentwaypoint`, `curhealth`, `curmana`, `MovementType`, `npcflag`, `unit_flags`, `dynamicflags`, `ScriptName`, `VerifiedBuild`, `CreateObject`, `Comment`) VALUES
(9001056, 600604, 0, 0, 0, 0, 0, 1, 1, 1, -4841.03, -1003.64, 446.333, 0.818161, 300, 2, 0, 9930, 4169, 1, 0, 0, 0, '', NULL, 0, NULL),
(9001077, 600604, 0, 0, 0, 0, 0, 1, 1, 1, -4882.06, -1081.95, 478.867, 4.32754, 300, 2, 0, 9930, 4169, 1, 0, 0, 0, '', NULL, 0, NULL),
(9001078, 600604, 0, 0, 0, 0, 0, 1, 1, 1, -4885.6, -1074.41, 478.867, 4.53583, 300, 3, 0, 9930, 4169, 1, 0, 0, 0, '', NULL, 0, NULL),
(9001042, 600607, 0, 0, 0, 0, 0, 1, 1, 1, -4850.47, -976.645, 423.383, 3.8143, 300, 3, 0, 49649, 0, 1, 0, 0, 0, '', NULL, 0, NULL),
(9001054, 600607, 0, 0, 0, 0, 0, 1, 1, 1, -4845.78, -982.916, 443.597, 0.585999, 300, 2, 0, 49649, 0, 1, 0, 0, 0, '', NULL, 0, NULL),
(9001067, 600610, 0, 0, 0, 0, 0, 1, 1, 1, -4848.99, -999.447, 454.31, 3.90343, 300, 0, 0, 155155, 0, 0, 0, 0, 0, '', NULL, 0, NULL),
(9001069, 600610, 0, 0, 0, 0, 0, 1, 1, 1, -4824.99, -1083.23, 456.683, 1.38513, 300, 0, 0, 155155, 0, 0, 0, 0, 0, '', NULL, 0, NULL),
(9001034, 600608, 0, 0, 0, 0, 0, 1, 1, 1, -4811.18, -961.033, 399.042, 5.02995, 300, 7, 0, 24297, 0, 1, 0, 0, 0, '', NULL, 0, NULL),
(9001068, 600608, 0, 0, 0, 0, 0, 1, 1, 1, -4823.54, -1070.11, 450.735, 1.45323, 300, 4, 0, 24297, 0, 1, 0, 0, 0, '', NULL, 0, NULL),
(9001035, 600605, 0, 0, 0, 0, 0, 1, 1, 1, -4807.83, -971.443, 399.042, 5.52664, 300, 5, 0, 186186, 0, 1, 0, 0, 0, '', NULL, 0, NULL),
(9001045, 600605, 0, 0, 0, 0, 0, 1, 1, 1, -4817.17, -959.947, 430.401, 1.71139, 300, 2, 0, 186186, 0, 1, 0, 0, 0, '', NULL, 0, NULL),
(9001046, 600605, 0, 0, 0, 0, 0, 1, 1, 1, -4822.07, -955.269, 430.245, 3.81296, 300, 2, 0, 186186, 0, 1, 0, 0, 0, '', NULL, 0, NULL),
(9001050, 600605, 0, 0, 0, 0, 0, 1, 1, 1, -4810.95, -989.483, 439.066, 0.669955, 300, 1, 0, 186186, 0, 1, 0, 0, 0, '', NULL, 0, NULL),
(9001051, 600605, 0, 0, 0, 0, 0, 1, 1, 1, -4807.93, -988.993, 438.575, 1.02778, 300, 3, 0, 186186, 0, 1, 0, 0, 0, '', NULL, 0, NULL),
(9001061, 600605, 0, 0, 0, 0, 0, 1, 1, 1, -4846.17, -1011.1, 453.765, 5.40685, 300, 0, 0, 186186, 0, 0, 0, 0, 0, '', NULL, 0, NULL),
(9001062, 600605, 0, 0, 0, 0, 0, 1, 1, 1, -4850.32, -1014.2, 453.765, 5.21859, 300, 0, 0, 186186, 0, 0, 0, 0, 0, '', NULL, 0, NULL),
(9001037, 600602, 0, 0, 0, 0, 0, 1, 1, 1, -4813.68, -984.533, 399.042, 0.960329, 300, 8, 0, 32275, 20845, 1, 0, 0, 0, '', NULL, 0, NULL),
(9001048, 600602, 0, 0, 0, 0, 0, 1, 1, 1, -4809.69, -962.732, 429.907, 2.52051, 300, 3, 0, 32275, 20845, 1, 0, 0, 0, '', NULL, 0, NULL),
(9001053, 600602, 0, 0, 0, 0, 0, 1, 1, 1, -4817.85, -991.531, 439.936, 0.10918, 300, 2, 0, 32275, 20845, 1, 0, 0, 0, '', NULL, 0, NULL),
(9001060, 600602, 0, 0, 0, 0, 0, 1, 1, 1, -4835.99, -1029.13, 447.431, 1.29866, 300, 0, 0, 32275, 20845, 0, 0, 0, 0, '', NULL, 0, NULL),
(9001063, 600602, 0, 0, 0, 0, 0, 1, 1, 1, -4864.62, -995.947, 453.764, 5.26398, 300, 0, 0, 32275, 20845, 0, 0, 0, 0, '', NULL, 0, NULL),
(9001047, 600606, 0, 0, 0, 0, 0, 1, 1, 1, -4812.75, -958.164, 430.015, 2.51517, 300, 2, 0, 124124, 0, 1, 0, 0, 0, '', NULL, 0, NULL),
(9001065, 600609, 0, 0, 0, 0, 0, 1, 1, 0, -4848.97, -1002.89, 453.764, 3.90878, 300, 0, 0, 148962, 104225, 0, 0, 0, 0, '', NULL, 0, NULL),
(9001066, 600609, 0, 0, 0, 0, 0, 1, 1, 0, -4852.44, -998.932, 453.765, 3.90344, 300, 0, 0, 148962, 104225, 0, 0, 0, 0, '', NULL, 0, NULL),
(9001070, 600609, 0, 0, 0, 0, 0, 1, 1, 0, -4828.49, -1085.2, 456.683, 1.1715, 300, 0, 0, 148962, 104225, 0, 0, 0, 0, '', NULL, 0, NULL),
(9001071, 600609, 0, 0, 0, 0, 0, 1, 1, 0, -4823.83, -1087.08, 456.683, 1.45456, 300, 0, 0, 148962, 104225, 0, 0, 0, 0, '', NULL, 0, NULL),
(9001039, 600603, 0, 0, 0, 0, 0, 1, 1, 1, -4826.93, -1001.14, 407.897, 0.597, 300, 2, 0, 6529, 9155, 1, 0, 0, 0, '', NULL, 0, NULL),
(9001040, 600603, 0, 0, 0, 0, 0, 1, 1, 1, -4831.61, -997.975, 409.309, 6.23396, 300, 1, 0, 6529, 9155, 1, 0, 0, 0, '', NULL, 0, NULL),
(9001052, 600603, 0, 0, 0, 0, 0, 1, 1, 1, -4815.26, -993.609, 439.894, 0.744725, 300, 1, 0, 6529, 9155, 1, 0, 0, 0, '', NULL, 0, NULL),
(9001059, 600603, 0, 0, 0, 0, 0, 1, 1, 1, -4834.86, -1019.83, 447.609, 1.9247, 300, 2, 0, 6529, 9155, 1, 0, 0, 0, '', NULL, 0, NULL),
(9001064, 600603, 0, 0, 0, 0, 0, 1, 1, 1, -4861.22, -994.255, 453.765, 5.03967, 300, 0, 0, 6529, 9155, 0, 0, 0, 0, '', NULL, 0, NULL),
(9001080, 600603, 0, 0, 0, 0, 0, 1, 1, 1, -4862.36, -1080.16, 488.559, 3.04577, 300, 2, 0, 6529, 9155, 1, 0, 0, 0, '', NULL, 0, NULL),
(9001038, 600600, 0, 0, 0, 0, 0, 1, 1, 1, -4802.44, -974.901, 399.042, 0.427592, 300, 0, 0, 155155, 0, 0, 0, 0, 0, '', NULL, 0, NULL),
(9001043, 600600, 0, 0, 0, 0, 0, 1, 1, 1, -4840.18, -974.105, 424.692, 3.63271, 300, 2, 0, 155155, 0, 1, 0, 0, 0, '', NULL, 0, NULL),
(9001044, 600600, 0, 0, 0, 0, 0, 1, 1, 1, -4846.84, -972.824, 424.251, 3.91577, 300, 2, 0, 155155, 0, 1, 0, 0, 0, '', NULL, 0, NULL),
(9001049, 600600, 0, 0, 0, 0, 0, 1, 1, 1, -4834.51, -985.026, 442.587, 5.45774, 300, 0, 0, 155155, 0, 0, 0, 0, 0, '', NULL, 0, NULL),
(9001073, 600600, 0, 0, 0, 0, 0, 1, 1, 1, -4848.95, -1089.27, 464.368, 0.364896, 300, 3, 0, 155155, 0, 1, 0, 0, 0, '', NULL, 0, NULL),
(9001076, 600600, 0, 0, 0, 0, 0, 1, 1, 1, -4865.45, -1088.67, 471.388, 0.0858437, 300, 4, 0, 155155, 0, 1, 0, 0, 0, '', NULL, 0, NULL),
(9001079, 600600, 0, 0, 0, 0, 0, 1, 1, 1, -4870.2, -1079.4, 484.238, 3.04577, 300, 4, 0, 155155, 0, 1, 0, 0, 0, '', NULL, 0, NULL),
(9001033, 600601, 0, 0, 0, 0, 0, 1, 1, 1, -4820.81, -936.792, 399.042, 4.82198, 300, 10, 0, 235835, 0, 1, 0, 0, 0, '', NULL, 0, NULL),
(9001036, 600601, 0, 0, 0, 0, 0, 1, 1, 1, -4807.91, -983.011, 399.042, 0.901581, 300, 5, 0, 235835, 0, 1, 0, 0, 0, '', NULL, 0, NULL),
(9001041, 600601, 0, 0, 0, 0, 0, 1, 1, 1, -4848.85, -1003.57, 415.72, 1.47939, 300, 4, 0, 235835, 0, 1, 0, 0, 0, '', NULL, 0, NULL),
(9001055, 600601, 0, 0, 0, 0, 0, 1, 1, 1, -4846.47, -988.616, 445.045, 1.63646, 300, 3, 0, 235835, 0, 1, 0, 0, 0, '', NULL, 0, NULL),
(9001057, 600601, 0, 0, 0, 0, 0, 1, 1, 1, -4838.46, -997.009, 446.823, 2.64052, 300, 3, 0, 235835, 0, 1, 0, 0, 0, '', NULL, 0, NULL),
(9001058, 600601, 0, 0, 0, 0, 0, 1, 1, 1, -4836.97, -1008.55, 446.455, 4.8262, 300, 3, 0, 235835, 0, 1, 0, 0, 0, '', NULL, 0, NULL),
(9001072, 600601, 0, 0, 0, 0, 0, 1, 1, 1, -4859.65, -1091.25, 468.768, 0.543809, 300, 3, 0, 235835, 0, 1, 0, 0, 0, '', NULL, 0, NULL),
(9001074, 600601, 0, 0, 0, 0, 0, 1, 1, 1, -4853.99, -1083.66, 465.363, 5.99117, 300, 4, 0, 235835, 0, 1, 0, 0, 0, '', NULL, 0, NULL),
(9001075, 600601, 0, 0, 0, 0, 0, 1, 1, 1, -4874.01, -1092.03, 475.813, 6.2502, 300, 5, 0, 235835, 0, 1, 0, 0, 0, '', NULL, 0, NULL),
(9001085, 600611, 0, 0, 0, 0, 0, 1, 1, 1, -4819.9, -974.899, 464.709, 3.84704, 300, 0, 0, 19064, 21775, 0, 0, 0, 0, '', NULL, 0, NULL),
(9001083, 600612, 0, 0, 0, 0, 0, 1, 1, 1, -4848.93, -1082.4, 495.583, 2.83615, 300, 0, 0, 26807, 0, 0, 0, 0, 0, '', NULL, 0, NULL);

-- UPDATE creature_template AIName
UPDATE `creature_template` SET `AIName` = 'SmartAI' WHERE `entry` IN (600600, 600601, 600602, 600603, 600604, 600605, 600606, 600607, 600608, 600610, 600611, 600612);

-- smart_scripts
DELETE FROM `smart_scripts` WHERE `source_type` = 0 AND `entryorguid` IN (600600, 600601, 600602, 600603, 600604, 600605, 600606, 600607, 600608, 600610, 600611, 600612);
INSERT INTO `smart_scripts` (`entryorguid`, `source_type`, `id`, `link`, `event_type`, `event_phase_mask`, `event_chance`, `event_flags`, `event_param1`, `event_param2`, `event_param3`, `event_param4`, `event_param5`, `event_param6`, `action_type`, `action_param1`, `action_param2`, `action_param3`, `action_param4`, `action_param5`, `action_param6`, `target_type`, `target_param1`, `target_param2`, `target_param3`, `target_param4`, `target_x`, `target_y`, `target_z`, `target_o`, `comment`) VALUES
(600604, 0, 0, 0, 9, 0, 100, 0, 0, 0, 6000, 9000, 5, 30, 11, 8858, 0, 0, 0, 0, 0, 2, 0, 0, 0, 0, 0, 0, 0, 0, 'Dark Iron Bombardier - Within 5-30 Range - Cast \'Bomb\''),
(600607, 0, 1, 0, 0, 0, 100, 0, 0, 0, 3600, 3800, 0, 0, 11, 8858, 64, 0, 0, 0, 0, 2, 0, 0, 0, 0, 0, 0, 0, 0, 'Dark Iron Demolitionist - In Combat - Cast \'Bomb\''),
(600607, 0, 2, 0, 0, 0, 100, 512, 1200, 8300, 8200, 20100, 0, 0, 11, 7891, 3, 0, 0, 0, 0, 5, 0, 0, 0, 0, 0, 0, 0, 0, 'Dark Iron Demolitionist - In Combat - Cast \'Gift of Ragnaros\''),
(600607, 0, 3, 0, 2, 0, 100, 1, 0, 15, 0, 0, 0, 0, 25, 1, 0, 0, 0, 0, 0, 0, 0, 0, 0, 0, 0, 0, 0, 0, 'Dark Iron Demolitionist - Between 0-15% Health - Flee For Assist (No Repeat)'),
(600610, 0, 0, 0, 0, 0, 100, 0, 0, 0, 1200, 2400, 0, 0, 11, 6660, 64, 0, 0, 0, 0, 2, 0, 0, 0, 0, 0, 0, 0, 0, 'Dark Iron Lookout - In Combat - Cast \'Shoot\''),
(600610, 0, 1, 0, 2, 0, 100, 1, 0, 15, 0, 0, 0, 0, 25, 1, 0, 0, 0, 0, 0, 0, 0, 0, 0, 0, 0, 0, 0, 0, 'Dark Iron Lookout - Between 0-15% Health - Flee For Assist (No Repeat)'),
(600608, 0, 0, 0, 0, 0, 100, 0, 0, 0, 2300, 3900, 0, 0, 11, 6660, 64, 0, 0, 0, 0, 2, 0, 0, 0, 0, 0, 0, 0, 0, 'Dark Iron Marksman - In Combat - Cast \'Shoot\''),
(600608, 0, 1, 0, 9, 0, 100, 0, 0, 0, 9000, 13000, 5, 30, 11, 14443, 1, 0, 0, 0, 0, 2, 0, 0, 0, 0, 0, 0, 0, 0, 'Dark Iron Marksman - Within 5-30 Range - Cast \'Multi-Shot\''),
(600608, 0, 2, 0, 2, 0, 100, 1, 0, 15, 0, 0, 0, 0, 25, 1, 0, 0, 0, 0, 0, 0, 0, 0, 0, 0, 0, 0, 0, 0, 'Dark Iron Marksman - Between 0-15% Health - Flee For Assist (No Repeat)'),
(600605, 0, 0, 0, 11, 0, 100, 0, 0, 0, 0, 0, 0, 0, 49, 0, 0, 0, 0, 0, 0, 19, 1379, 30, 0, 0, 0, 0, 0, 0, 'Dark Iron Raider - On Respawn - Start Attacking'),
(600602, 0, 1, 0, 0, 0, 100, 0, 0, 0, 2300, 5000, 0, 0, 11, 6660, 64, 0, 0, 0, 0, 2, 0, 0, 0, 0, 0, 0, 0, 0, 'Dark Iron Rifleman - In Combat - Cast \'Shoot\''),
(600602, 0, 2, 0, 0, 0, 100, 512, 16100, 16100, 20100, 32200, 0, 0, 11, 7891, 3, 0, 0, 0, 0, 5, 0, 0, 0, 0, 0, 0, 0, 0, 'Dark Iron Rifleman - In Combat - Cast \'Gift of Ragnaros\''),
(600602, 0, 3, 0, 2, 0, 100, 1, 0, 15, 0, 0, 0, 0, 25, 1, 0, 0, 0, 0, 0, 0, 0, 0, 0, 0, 0, 0, 0, 0, 'Dark Iron Rifleman - Between 0-15% Health - Flee For Assist (No Repeat)'),
(600606, 0, 3, 0, 61, 0, 100, 0, 0, 0, 0, 0, 0, 0, 11, 3204, 1, 0, 0, 0, 0, 1, 0, 0, 0, 0, 0, 0, 0, 0, 'Dark Iron Sapper - MISSING LINK - Cast \'Sapper Explode\''),
(600603, 0, 0, 0, 0, 0, 100, 0, 0, 0, 3500, 8600, 0, 0, 11, 20816, 64, 0, 0, 0, 0, 2, 0, 0, 0, 0, 0, 0, 0, 0, 'Dark Iron Shadowcaster - In Combat - Cast \'Shadow Bolt\''),
(600603, 0, 1, 0, 0, 0, 100, 0, 5500, 12400, 18200, 30700, 0, 0, 11, 2941, 0, 0, 0, 0, 0, 2, 0, 0, 0, 0, 0, 0, 0, 0, 'Dark Iron Shadowcaster - In Combat - Cast \'Immolate\''),
(600603, 0, 2, 0, 2, 0, 100, 1, 0, 15, 0, 0, 0, 0, 25, 1, 0, 0, 0, 0, 0, 0, 0, 0, 0, 0, 0, 0, 0, 0, 'Dark Iron Shadowcaster - Between 0-15% Health - Flee For Assist (No Repeat)'),
(600600, 0, 0, 0, 0, 0, 100, 0, 10000, 10000, 10000, 15000, 0, 0, 11, 5115, 1, 0, 0, 0, 0, 1, 0, 0, 0, 0, 0, 0, 0, 0, 'Dark Iron Taskmaster - In Combat - Cast \'Battle Command\''),
(600600, 0, 1, 0, 6, 0, 100, 513, 0, 0, 0, 0, 0, 0, 11, 12613, 3, 0, 0, 0, 0, 1, 0, 0, 0, 0, 0, 0, 0, 0, 'Dark Iron Taskmaster - On Just Died - Cast \'Dark Iron Taskmaster Death\' (No Repeat)'),
(600601, 0, 1, 0, 0, 0, 100, 0, 500, 1000, 1300, 5000, 0, 0, 11, 7164, 33, 0, 0, 0, 0, 1, 0, 0, 0, 0, 0, 0, 0, 0, 'Dark Iron Tunneler - In Combat - Cast \'Defensive Stance\''),
(600601, 0, 2, 0, 0, 0, 100, 512, 2000, 8500, 18000, 22000, 0, 0, 11, 7891, 3, 0, 0, 0, 0, 5, 0, 0, 0, 0, 0, 0, 0, 0, 'Dark Iron Tunneler - In Combat - Cast \'Gift of Ragnaros\''),
(600601, 0, 3, 0, 0, 0, 100, 0, 3100, 12400, 8900, 15900, 0, 0, 11, 11971, 1, 0, 0, 0, 0, 2, 0, 0, 0, 0, 0, 0, 0, 0, 'Dark Iron Tunneler - In Combat - Cast \'Sunder Armor\''),
(600601, 0, 4, 0, 2, 0, 100, 1, 0, 15, 0, 0, 0, 0, 25, 1, 0, 0, 0, 0, 0, 0, 0, 0, 0, 0, 0, 0, 0, 0, 'Dark Iron Tunneler - Between 0-15% Health - Flee For Assist (No Repeat)'),
(600611, 0, 3, 0, 1, 0, 100, 2, 1000, 1000, 1800000, 1800000, 0, 0, 11, 12544, 33, 0, 0, 0, 0, 1, 0, 0, 0, 0, 0, 0, 0, 0, 'Warder Stilgiss - Out of Combat - Cast \'Frost Armor\' (Normal Dungeon)'),
(600611, 0, 4, 0, 0, 0, 100, 2, 0, 0, 2400, 3800, 0, 0, 11, 12675, 64, 0, 0, 0, 0, 2, 0, 0, 0, 0, 0, 0, 0, 0, 'Warder Stilgiss - In Combat - Cast \'Frostbolt\' (Normal Dungeon)'),
(600611, 0, 5, 0, 106, 0, 100, 2, 7000, 9000, 14000, 18000, 0, 10, 11, 12674, 1, 0, 0, 0, 0, 1, 0, 0, 0, 0, 0, 0, 0, 0, 'Warder Stilgiss - On Hostile in Range - Cast \'Frost Nova\' (Normal Dungeon)'),
(600611, 0, 6, 0, 0, 0, 100, 2, 3000, 4000, 65000, 70000, 0, 0, 11, 15044, 1, 0, 0, 0, 0, 1, 0, 0, 0, 0, 0, 0, 0, 0, 'Warder Stilgiss - In Combat - Cast \'Frost Ward\' (Normal Dungeon)'),
(600612, 0, 0, 0, 0, 0, 100, 0, 7000, 9000, 22000, 24000, 0, 0, 11, 13730, 0, 0, 0, 0, 0, 1, 0, 0, 0, 0, 0, 0, 0, 0, 'Rirruhm Brightfury - In Combat - Cast \'Demoralizing Shout\''),
(600612, 0, 1, 0, 105, 0, 100, 0, 5000, 7000, 12000, 14000, 0, 5, 11, 15615, 0, 0, 0, 0, 0, 7, 0, 0, 0, 0, 0, 0, 0, 0, 'Rirruhm Brightfury - On Hostile Casting in Range - Cast \'Pummel\''),
(600612, 0, 2, 0, 2, 0, 100, 1, 0, 30, 0, 0, 0, 0, 11, 21049, 0, 0, 0, 0, 0, 1, 0, 0, 0, 0, 0, 0, 0, 0, 'Rirruhm Brightfury - Between 0-30% Health - Cast \'Bloodlust\' (No Repeat)');
